url,label
http://account-suspended-paypal.ml/reactivate?id=4203,1
http://micosoft-login.com/account?id=9433,1
https://www.mathworks.com/help/matlab/index.html,0
https://monday.com/pricing?id=2225,0
https://www.trello.com/pricing/index.html,0
http://bit.ly/3xPhishingLink?id=2531,1
https://www.gnu.org/software/emacs,0
http://amaz0n-verify.com/signin/index.html,1
https://www.postgresql.org/docs/index.html,0
https://secure-login.bankofamerica.phishing.com,1
http://citibank.secure.login.verify.account.ml/index.html,1
https://www.oracle.com/database?id=8019,0
https://www.twilio.com/pricing?id=3621,0
https://urgent-bank-update-required.tk/verify,1
https://www.elastic.co/guide/en/elasticsearch,0
https://www.oracle.com/database,0
https://www.dropbox.com/plans?id=3001,0
http://covid-relief-fund-apply.ml/login?id=8204,1
http://ebay-account-verify.tk/signin,1
https://www.sap.com/products?id=9824,0
https://github.com/scikit-learn/scikit-learn,0
https://bankofamerica-secure.ml/login,1
http://bit.ly/3xPhishingLink/index.html,1
https://developer.apple.com/swift,0
https://datastudio.google.com/gallery?id=4502,0
https://www.ebay.com/itm/123456789/index.html,0
http://tinyurl.com/fake-bank-login/index.html,1
https://www.jetbrains.com/pycharm/index.html,0
https://powerbi.microsoft.com/en-us/learning?id=1043,0
https://www.scala-lang.org/documentation,0
https://www.reddit.com/r/programming/index.html,0
https://appleid.apple.secure-verify.ml,1
http://your-account-has-been-compromised-verify.ga?id=1715,1
http://ebay-account-verify.tk/signin/index.html,1
https://metabase.com/docs/latest?id=5632,0
https://developer.apple.com/swift,0
https://www.twilio.com/pricing,0
https://www.vim.org/download.php,0
https://atom.io/packages/index.html,0
http://lottery-result-update.ga/verify/index.html,1
https://verify-your-bankaccount.tk/secure,1
https://www.qlik.com/us/products/qlik-sense?id=3724,0
http://microsoft.com-account-secure.tk/login/index.html,1
https://www.sas.com/en_us/learn,0
http://amazon-login-verify@phishing.com/account,1
https://golang.org/doc/tutorial,0
https://www.stata.com/manuals/index.html,0
https://www.airbnb.com/rooms/12345,0
https://www.ibm.com/cloud/watson/index.html,0
https://newrelic.com/platform?id=9890,0
https://confirm-your-identity-amazon.ml/login,1
https://urgent-account-verification-required-now.tk,1
https://www.splunk.com/en_us/training/index.html,0
https://www.kubernetes.io/docs,0
http://appleid.apple.secure-verify.ml,1
https://svelte.dev/tutorial,0
https://government-grant-verify.ga/apply,1
https://amazon-login-verify@phishing.com/account,1
http://secure.paypal.phishing.ml/signin?id=3161,1
https://loggly.com/blog/python-logging-best-practices/index.html,0
https://www.grammarly.com/plans,0
https://www.cloudflare.com/plans?id=3647,0
https://fastapi.tiangolo.com/tutorial,0
https://www.djangoproject.com/start,0
https://cloud.google.com/compute,0
https://amazon.com-update-account.tk/login,1
https://www.slack.com/intl/en-us/pricing?id=7252,0
https://www.asana.com/pricing,0
https://www.sap.com/products?id=7580,0
https://grafana.com/docs/grafana/latest/index.html,0
https://www.hubspot.com/pricing?id=9903,0
https://www.linkedin.com/in/johndoe,0
http://apple.id-secure.ga/login/index.html,1
https://www.notion.so/pricing/index.html,0
https://vuejs.org/guide/introduction,0
https://www.zoom.us/pricing?id=6213,0
https://www.trello.com/pricing,0
https://www.canva.com/pricing?id=5808,0
http://bankofamerica-secure.ml/login?id=6411,1
https://password-expired-microsoft.ga/reset,1
http://netflix-payment-update.ga/billing/index.html,1
https://developer.apple.com/swift,0
http://login-secure-bank.ga/verify/now?id=5012,1
https://prometheus.io/docs/introduction/index.html,0
https://www.oracle.com/database?id=1996,0
http://x.co/scam-update,1
https://password-expired-microsoft.ga/reset,1
https://www.mailchimp.com/pricing,0
http://xn--paypa-lsa.com/verify/index.html,1
https://paypal-account-suspended.ml/verify,1
https://www.linkedin.com/in/johndoe?id=3531,0
https://expressjs.com/en/guide?id=5161,0
https://www.mysql.com/products/index.html,0
https://stackoverflow.com/questions/tagged/python?id=3870,0
http://signin.chase.bank-verify.ml?id=1742,1
http://accounts.google.phishing.ga?id=2548,1
https://www.digitalocean.com/pricing,0
http://xn--googl-fsa.com/security/index.html,1
https://portal.azure.com/#home/index.html,0
https://www.sumologic.com/application/python,0
https://vuejs.org/guide/introduction?id=4705,0
https://www.bbc.com/news/technology?id=3584,0
http://your-account-at-risk-google.tk/verify/index.html,1
https://nextjs.org/docs,0
http://medical-insurance-update.tk/verify,1
http://password-expired-microsoft.ga/reset/index.html,1
http://job-offer-verify.ml/login?id=9285,1
http://xn--pple-43d.com/apple-verify,1
http://wellsfargo-login-secure.gq/signin,1
https://google-security-alert.ga/verify,1
https://www.appdynamics.com/product,0
http://wellsfargo.com-verify.tk/login,1
https://www.digitalocean.com/pricing,0
http://inheritance-claim-verify.ga/form/index.html,1
http://verify-your-bankaccount.tk/secure/index.html,1
https://google.security.alert.verify.account.tk/signin,1
https://www.dynatrace.com/platform,0
https://www.mongodb.com/cloud/atlas,0
http://paypal.secure-verify.ml/login/index.html,1
https://www.jetbrains.com/pycharm,0
https://www.cloudflare.com/plans/index.html,0
https://short.link/bank-verify,1
http://accounts.google.phishing.ga/index.html,1
https://suspicious-login-detected.ga/apple,1
https://www.nginx.com/resources,0
http://10.0.0.1/paypal/signin/secure.html?id=4290,1
https://www.wxwidgets.org/downloads/index.html,0
https://github.com/scikit-learn/scikit-learn,0
http://confirm-your-personal-information-now.tk/index.html,1
http://192.168.1.1/login/bank/verify.php,1
https://www.spotify.com/us/premium,0
http://apple.id.verify.secure.login.update.ml/account?id=4043,1
https://www.canva.com/pricing,0
https://www.qlik.com/us/products/qlik-sense/index.html,0
http://google-security-alert.ga/verify?id=6642,1
http://login-secure-bank.ga/verify/now?id=8033,1
http://micosoft-login.com/account/index.html,1
https://julialang.org/learning,0
https://www.typescriptlang.org/docs?id=4886,0
http://apple.id.verify.secure.login.update.ml/account/index.html,1
http://irs-tax-refund-update.tk/claim?id=1104,1
http://confirm-your-identity-amazon.ml/login?id=3815,1
https://www.udemy.com/course/python-bootcamp,0
http://apple.id-secure.ga/login/index.html,1
http://student-loan-forgiveness.tk/apply?id=9129,1
https://www.stripe.com/pricing,0
http://faceb00k-login.ml/checkpoint,1
http://chase.com-secure-login.ml/account?id=5634,1
https://www.typescriptlang.org/docs,0
https://www.sas.com/en_us/learn?id=6061,0
http://inheritance-claim-verify.ga/form,1
https://www.jira.com/software/pricing,0
http://amazon-login-verify@phishing.com/account/index.html,1
https://expressjs.com/en/guide/index.html,0
http://paypa1.com/login/verify-account.php/index.html,1
https://www.figma.com/pricing,0
https://www.gtk.org/docs/index.html,0
https://www.netflix.com/browse?id=3223,0
http://login.microsoft.account-verify.tk?id=7112,1
https://www.notion.so/pricing/index.html,0
http://login-secure-bank.ga/verify/now?id=4555,1
http://microsoft.account.compromised.verify.ga/login/index.html,1
http://urgent-account-verification-required-now.tk?id=9715,1
https://www.shopify.com/pricing,0
https://www.terraform.io/docs?id=1207,0
https://your.paypal.account.has.been.limited.verify.tk,1
https://clojure.org/guides/getting_started?id=1993,0
https://bankofamerica.com-verify.ga/signin,1
http://chase.bank.account.verify.secure.login.tk?id=8842,1
https://www.heroku.com/pricing,0
http://prize-winner-verify.ml/claim/index.html,1
http://update-your-paypal.ml/login?id=7504,1
https://code.visualstudio.com/docs/index.html,0
https://www.zendesk.com/pricing/index.html,0
https://www.boost.org/doc,0
https://www.canva.com/pricing,0
https://www.zoom.us/pricing?id=4164,0
http://xn--googl-fsa.com/security/index.html,1
https://www.php.net/manual/en,0
http://bit.ly/3xPhishingLink?id=6933,1
http://hsbc-online-banking.tk/login/secure,1
https://apple-id-support.cf/account/login,1
https://nuxtjs.org/docs,0
http://bankofamerica.login.secure.verify.update.ml/index.html,1
https://www.oracle.com/database?id=9817,0
https://microsoft.com-account-secure.tk/login,1
https://www.appdynamics.com/product,0
http://citibank-account-alert.ml/verify,1
https://www.slack.com/intl/en-us/pricing,0
https://github.com/scikit-learn/scikit-learn,0
http://netflix-payment-update.ga/billing/index.html,1
https://immediate-action-required-bank-update.ml,1
https://www.twitter.com/home,0
http://suspicious-login-detected.ga/apple?id=3589,1
https://fastapi.tiangolo.com/tutorial,0
https://cmake.org/documentation/index.html,0
https://basecamp.com/pricing,0
https://mcaf.ee/phishing-link,1
http://google.com-security-alert.ml/verify?id=9525,1
https://www.airbnb.com/rooms/12345?id=3068,0
https://account-update@amazon-phishing.ml/signin,1
http://x.co/scam-update,1
http://job-offer-verify.ml/login?id=6267,1
http://account-suspended-paypal.ml/reactivate,1
http://google.com-security-alert.ml/verify/index.html,1
https://www.scala-lang.org/documentation?id=2746,0
https://tinyurl.com/fake-bank-login,1
http://paypa1.com/login/verify-account.php?id=4637,1
http://amazon-verify-account.ml/signin,1
https://secure.paypal.phishing.ml/signin,1
http://amazon.account-verify.tk/signin/index.html,1
http://ow.ly/phishing-verify/index.html,1
https://www.kubernetes.io/docs,0
http://bit.ly/3xPhishingLink?id=5911,1
https://secure-banking-login.tk/update,1
https://www.nytimes.com/section/technology?id=6529,0
http://10.0.0.1/paypal/signin/secure.html,1
https://rollbar.com/blog/python-error-handling?id=7232,0
http://adf.ly/login-secure/index.html,1
https://www.notion.so/pricing,0
http://your-account-has-been-compromised-verify.ga/index.html,1
http://paypal.secure-verify.ml/login/index.html,1
http://appleid.apple.secure-verify.ml?id=1356,1
https://prize-winner-verify.ml/claim,1
https://cloud.google.com/compute,0
https://www.coursera.org/learn/machine-learning,0
http://medical-insurance-update.tk/verify?id=2293,1
https://expressjs.com/en/guide,0
https://www.tableau.com/learn/training/index.html,0
http://update-your-paypal.ml/login?id=1307,1
https://nextjs.org/docs,0
https://stackoverflow.com/questions/tagged/python,0
http://ow.ly/phishing-verify/index.html,1
https://faceb00k-verify.com/checkpoint,1
https://paypa1-secure.com/account/login,1
https://www.youtube.com/watch?v=dQw4w9WgXcQ?id=9502,0
http://tw1tter-secure.com/verify,1
https://www.terraform.io/docs?id=2041,0
https://microsoft.account-secure.tk/login,1
http://lottery-result-update.ga/verify,1
https://angular.io/docs,0
https://www.heroku.com/pricing,0
https://www.gtk.org/docs?id=7118,0
http://netfl1x-billing.com/payment?id=2475,1
https://www.reddit.com/r/programming,0
https://www.ansible.com/products/index.html,0
https://secure.bankofamerica.login.ga,1
http://verify-secure@paypal-phishing.tk/login?id=5331,1
https://www.confluence.atlassian.com,0
https://www.coursera.org/learn/machine-learning/index.html,0
http://microsoft-account-verify.gq/signin/index.html,1
https://papertrailapp.com/manual?id=1653,0
https://superset.apache.org/docs,0
https://www.nytimes.com/section/technology/index.html,0
http://apple.com-id-verify.ga/signin,1
https://wells.fargo.verify.account.secure.update.ga,1
https://www.erlang.org/doc?id=2988,0
https://www.twitter.com/home?id=2622,0
https://www.bbc.com/news/technology?id=5558,0
http://barclays-secure-login.ga/verify/index.html,1
https://looker.com/platform/blocks/gallery,0
https://julialang.org/learning,0
http://login.microsoft.account-verify.tk,1
http://amazon-login-verify@phishing.com/account/index.html,1
http://wellsfargo.com-verify.tk/login/index.html,1
http://google.com-security-alert.ml/verify/index.html,1
https://www.twilio.com/pricing,0
https://www.gnu.org/software/emacs/index.html,0
https://your-account-has-been-compromised-verify.ga,1
https://rubyonrails.org/doctrine?id=2210,0
https://www.djangoproject.com/start,0
http://irs-tax-refund-update.tk/claim?id=8159,1
http://paypal.secure-verify.ml/login,1
http://paypal-account-suspended.ml/verify,1
https://www.kubernetes.io/docs/index.html,0
https://www.ansible.com/products,0
https://www.digitalocean.com/pricing,0
https://www.datadoghq.com/product/index.html,0
https://www.sendgrid.com/pricing,0
https://www.twitter.com/home/index.html,0
https://student-loan-forgiveness.tk/apply,1
http://g00gle-secure.com/verify?id=3610,1
https://stackoverflow.com/questions/tagged/python,0
http://chase-bank-verify.tk/account/index.html,1
https://amazon-verify-account.ml/signin,1
http://account.secure-verify.login.bank.update.ml/signin,1
http://covid-relief-fund-apply.ml/login?id=2479,1
http://verify-your-bankaccount.tk/secure?id=5949,1
https://login.microsoft.account-verify.tk,1
http://credit-card-declined-amazon.ml/update/index.html,1
https://www.bitbucket.org/product?id=6383,0
http://login-secure-bank.ga/verify/now?id=5040,1
https://www.grammarly.com/plans?id=2644,0
https://hsbc-online-banking.tk/login/secure,1
https://julialang.org/learning?id=3296,0
http://amazon.com-update-account.tk/login,1
https://www.datadoghq.com/product/index.html,0
http://confirm-your-personal-information-now.tk/index.html,1
http://verify.secure.login.bank.update.check.ml,1
http://account-update@amazon-phishing.ml/signin/index.html,1
http://account-suspended-paypal.ml/reactivate?id=5873,1
http://irs-tax-refund-update.tk/claim/index.html,1
https://www.mathworks.com/help/matlab?id=8251,0
http://google.security-verify.ml/account/index.html,1
http://appleid.apple.secure-verify.ml/index.html,1
https://apple.id-secure.ga/login,1
https://amazon.unusual.activity.detected.verify.ga/signin,1
https://www.jetbrains.com/pycharm/index.html,0
https://code.visualstudio.com/docs,0
http://microsoft.account.compromised.verify.ga/login,1
https://flask.palletsprojects.com/en/2.0.x,0
https://www.reddit.com/r/programming/index.html,0
https://www.splunk.com/en_us/training,0
http://bankofamerica-secure.ml/login,1
https://www.hubspot.com/pricing,0
https://www.mongodb.com/cloud/atlas/index.html,0
http://tw1tter-secure.com/verify/index.html,1
http://192.168.1.1/login/bank/verify.php?id=7236,1
https://verify.secure.login.bank.update.check.ml,1
http://bankofamerica.login.secure.verify.update.ml/index.html,1
http://citibank-account-alert.ml/verify,1
http://adf.ly/login-secure?id=8348,1
https://www.airbnb.com/rooms/12345,0
https://www.haskell.org/documentation?id=5458,0
http://online.wellsfargo.secure-login.tk,1
https://www.jira.com/software/pricing,0
http://google-account-alert.gq/security?id=4906,1
https://www.adobe.com/products/photoshop,0
http://secure-login.bankofamerica.phishing.com?id=3875,1
https://superset.apache.org/docs,0
https://www.paypal.com/us/home/index.html,0
https://github.com/scikit-learn/scikit-learn,0
https://www.microsoft.com/en-us/windows,0
https://basecamp.com/pricing?id=7658,0
http://netfl1x-billing.com/payment?id=9005,1
https://www.boost.org/doc/index.html,0
http://chase-bank-verify.tk/account?id=5700,1
https://www.rust-lang.org/learn?id=2193,0
https://amaz0n-verify.com/signin,1
https://www.paypal.com/us/home/index.html,0
http://amazon-verify-account.ml/signin,1
https://datastudio.google.com/gallery/index.html,0
http://paypa1.com/login/verify-account.php/index.html,1
http://login.amazon.verify-account.tk,1
http://password-expired-microsoft.ga/reset,1
https://www.wxwidgets.org/downloads/index.html,0
https://urgent-bank-update-required.tk/verify,1
https://www.heroku.com/pricing,0
http://microsoft-account-verify.gq/signin?id=7821,1
https://www.salesforce.com/crm/index.html,0
https://www.youtube.com/watch?v=dQw4w9WgXcQ,0
https://www.ansible.com/products,0
https://www.ebay.com/itm/123456789,0
https://fastapi.tiangolo.com/tutorial?id=3068,0
https://svelte.dev/tutorial,0
https://www.hubspot.com/pricing,0
https://www.jetbrains.com/pycharm/index.html,0
https://powerbi.microsoft.com/en-us/learning,0
http://xn--googl-fsa.com/security/index.html,1
https://www.figma.com/pricing,0
https://www.shopify.com/pricing,0
https://rubyonrails.org/doctrine,0
https://sentry.io/for/python,0
https://verify.secure.login.bank.update.check.ml,1
http://account-suspended-paypal.ml/reactivate/index.html,1
https://secure.bankofamerica.login.ga,1
https://cmake.org/documentation/index.html,0
http://barclays-secure-login.ga/verify/index.html,1
http://amazon.account-verify.tk/signin,1
http://apple-id-support.cf/account/login?id=4862,1
https://teams.microsoft.com/l/channel?id=8433,0
http://google.security-verify.ml/account?id=6126,1
http://secure-banking-login.tk/update?id=3869,1
https://www.mailchimp.com/pricing/index.html,0
https://www.grammarly.com/plans/index.html,0
https://www.zendesk.com/pricing/index.html,0
http://t.co/phishing-update?id=3218,1
https://www.boost.org/doc,0
http://your.paypal.account.has.been.limited.verify.tk/index.html,1
https://www.bitbucket.org/product,0
http://your-account-has-been-compromised-verify.ga?id=2213,1
http://twitter-account-secure.tk/verify/index.html,1
https://www.booking.com/hotel/us,0
https://barclays-secure-login.ga/verify,1
http://google-security-alert.ga/verify/index.html,1
http://ow.ly/phishing-verify,1
https://www.asana.com/pricing,0
http://wellsfargo-login-secure.gq/signin?id=3273,1
https://developer.apple.com/swift?id=2588,0
http://amazon.account-verify.tk/signin?id=5382,1
http://secure-apple-id.cf/verify/account?id=2180,1
https://www.r-project.org/manuals?id=5871,0
http://hsbc.bank.login.secure.verify.update.tk/index.html,1
https://www.stripe.com/pricing,0
https://cloud.google.com/compute/index.html,0
http://accounts.google.phishing.ga/index.html,1
https://www.qlik.com/us/products/qlik-sense?id=8381,0
https://www.oracle.com/database?id=3434,0
http://ow.ly/phishing-verify,1
https://www.spotify.com/us/premium,0
https://www.r-project.org/manuals/index.html,0
http://free-bitcoin-claim.tk/login,1
https://www.canva.com/pricing/index.html,0
https://inst4gram-verify.com/login,1
https://www.notion.so/pricing?id=3492,0
https://metabase.com/docs/latest,0
https://www.dynatrace.com/platform/index.html,0
https://prometheus.io/docs/introduction?id=4788,0
http://wells.fargo.verify.account.secure.update.ga/index.html,1
http://credit-card-declined-amazon.ml/update?id=4986,1
https://www.rust-lang.org/learn/index.html,0
https://www.qlik.com/us/products/qlik-sense,0
http://account.secure-verify.login.bank.update.ml/signin?id=5616,1
https://www.linkedin.com/in/johndoe,0
https://www.mathworks.com/help/matlab,0
http://wh4tsapp-verify.com/account,1
https://rubyonrails.org/doctrine?id=8843,0
http://secure.paypal.phishing.ml/signin/index.html,1
https://www.hubspot.com/pricing,0
https://svelte.dev/tutorial,0
https://www.grammarly.com/plans,0
https://www.facebook.com/groups/index.html,0
http://microsoft-account-verify.gq/signin?id=8353,1
http://bankofamerica.login.secure.verify.update.ml,1
https://reactjs.org/docs/getting-started/index.html,0
https://svelte.dev/tutorial,0
http://job-offer-verify.ml/login/index.html,1
http://inst4gram-verify.com/login?id=9281,1
http://free-bitcoin-claim.tk/login,1
https://www.cloudflare.com/plans,0
https://www.kubernetes.io/docs,0
https://www.ansible.com/products?id=6794,0
https://logz.io/blog/python-logging/index.html,0
https://www.figma.com/pricing/index.html,0
https://atom.io/packages?id=2480,0
https://www.scala-lang.org/documentation/index.html,0
https://nuxtjs.org/docs,0
https://www.postgresql.org/docs,0
https://ebay-account-verify.tk/signin,1
https://elixir-lang.org/getting-started,0
https://www.rust-lang.org/learn/index.html,0
https://apple.id.verify.secure.login.update.ml/account,1
http://secure-login-bank-verify-account-update.ml?id=7723,1
https://faceb00k-verify.com/checkpoint,1
https://wellsfargo-login-secure.gq/signin,1
http://hsbc-online-banking.tk/login/secure,1
https://secure-login-bank-verify-account-update.ml,1
http://netfl1x-billing.com/payment?id=6080,1
https://xn--amzon-bta.com/login,1
https://gitlab.com/pricing,0
http://adf.ly/login-secure/index.html,1
http://123.456.789.0/banking/login.asp/index.html,1
https://www.confluence.atlassian.com,0
http://facebook.login-verify.ga/checkpoint,1
https://covid-relief-fund-apply.ml/login,1
https://www.sendgrid.com/pricing/index.html,0
https://github.com/scikit-learn/scikit-learn/index.html,0
http://suspicious-login-detected.ga/apple?id=8444,1
http://secure-login-bank-verify-account-update.ml?id=8585,1
https://www.asana.com/pricing?id=4937,0
https://www.ebay.com/itm/123456789,0
https://www.haskell.org/documentation,0
https://www.twitter.com/home,0
https://datastudio.google.com/gallery,0
http://verify-secure@paypal-phishing.tk/login/index.html,1
https://www.spss.com/software/statistics/index.html,0
http://secure-banking-login.tk/update,1
https://teams.microsoft.com/l/channel,0
http://chase.com-secure-login.ml/account,1
http://tw1tter-secure.com/verify/index.html,1
http://paypal.com-account-verify.ml/signin/index.html,1
http://confirm-your-personal-information-now.tk?id=9609,1
http://confirm-your-personal-information-now.tk/index.html,1
https://www.sumologic.com/application/python?id=5892,0
http://1inkedin-secure.com/signin,1
https://golang.org/doc/tutorial/index.html,0
https://www.gnu.org/software/emacs?id=3103,0
https://www.scala-lang.org/documentation?id=7735,0
https://console.aws.amazon.com/ec2,0
https://www.postgresql.org/docs/index.html,0
https://facebook.login-verify.ga/checkpoint,1
https://www.qt.io/product?id=3535,0
https://www.vim.org/download.php,0
https://code.visualstudio.com/docs,0
https://www.apple.com/iphone?id=2375,0
https://vuejs.org/guide/introduction?id=4443,0
https://www.sublimetext.com/3,0
https://secure-banking-login.tk/update,1
https://nextjs.org/docs/index.html,0
https://prometheus.io/docs/introduction,0
https://account.secure-verify.login.bank.update.ml/signin,1
https://reactjs.org/docs/getting-started?id=9479,0
https://fastapi.tiangolo.com/tutorial,0
https://www.mysql.com/products,0
https://nuxtjs.org/docs,0
https://angular.io/docs,0
https://immediate-action-required-bank-update.ml,1
http://barclays-secure-login.ga/verify?id=9149,1
http://192.168.1.1/login/bank/verify.php/index.html,1
http://10.0.0.1/paypal/signin/secure.html,1
http://suspicious-login-detected.ga/apple,1
https://www.trello.com/pricing?id=2633,0
https://www.sendgrid.com/pricing/index.html,0
http://amazon.account-verify.tk/signin/index.html,1
http://amazon-login-verify@phishing.com/account/index.html,1
https://www.erlang.org/doc?id=8381,0
https://www.vim.org/download.php/index.html,0
https://www.djangoproject.com/start,0
https://fastapi.tiangolo.com/tutorial?id=3347,0
https://www.wikipedia.org/wiki/Machine_learning,0
https://www.trello.com/pricing,0
https://amazon.com-update-account.tk/login,1
https://www.etsy.com/listing/123456,0
http://paypa1-secure.com/account/login?id=1440,1
http://hsbc.bank.login.secure.verify.update.tk/index.html,1
https://hsbc-online-banking.tk/login/secure,1
https://www.spss.com/software/statistics,0
https://www.mongodb.com/cloud/atlas/index.html,0
http://microsoft-account-verify.gq/signin/index.html,1
https://www.jira.com/software/pricing/index.html,0
https://www.cloudflare.com/plans/index.html,0
http://wellsfargo-login-secure.gq/signin,1
https://grafana.com/docs/grafana/latest,0
https://elixir-lang.org/getting-started,0
https://www.dropbox.com/plans,0
http://signin.chase.bank-verify.ml/index.html,1
https://rollbar.com/blog/python-error-handling/index.html,0
https://www.dynatrace.com/platform,0
https://urgent-account-verification-required-now.tk,1
https://papertrailapp.com/manual,0
http://secure-banking-login.tk/update/index.html,1
https://www.linkedin.com/in/johndoe?id=4611,0
https://www.gnu.org/software/emacs,0
http://prize-winner-verify.ml/claim?id=9108,1
https://www.facebook.com/groups?id=6403,0
https://123.456.789.0/banking/login.asp,1
https://nuxtjs.org/docs?id=4804,0
http://amazon.unusual.activity.detected.verify.ga/signin?id=7150,1
https://www.shopify.com/pricing/index.html,0
https://www.sumologic.com/application/python?id=4830,0
http://google.com-security-alert.ml/verify/index.html,1
https://www.nginx.com/resources,0
https://www.slack.com/intl/en-us/pricing,0
http://google-security-alert.ga/verify,1
http://faceb00k-login.ml/checkpoint/index.html,1
https://angular.io/docs/index.html,0
https://facebook.login-verify.ga/checkpoint,1
https://www.apple.com/iphone,0
https://atom.io/packages/index.html,0
http://update-your-paypal.ml/login/index.html,1
https://www.tableau.com/learn/training,0
https://reactjs.org/docs/getting-started,0
http://google.security.alert.verify.account.tk/signin?id=1854,1
http://twitter-account-secure.tk/verify/index.html,1
https://www.microsoft.com/en-us/windows,0
http://secure.paypal.phishing.ml/signin,1
http://wellsfargo-login-secure.gq/signin/index.html,1
https://123.456.789.0/banking/login.asp,1
http://adf.ly/login-secure?id=1841,1
https://www.adobe.com/products/photoshop,0
http://amazon.unusual.activity.detected.verify.ga/signin,1
http://update-your-paypal.ml/login,1
http://verify-secure@paypal-phishing.tk/login,1
https://login-secure@bank-phishing.com/verify,1
https://www.jira.com/software/pricing/index.html,0
https://www.paypal.com/us/home/index.html,0
http://confirm-your-identity-amazon.ml/login?id=3198,1
https://www.stata.com/manuals?id=9976,0
https://chase.bank.account.verify.secure.login.tk,1
https://www.djangoproject.com/start,0
https://angular.io/docs,0
https://www.spotify.com/us/premium,0
https://rubyonrails.org/doctrine,0
http://chase.bank.account.verify.secure.login.tk,1
https://flask.palletsprojects.com/en/2.0.x,0
https://www.apple.com/iphone,0
http://accounts.google.phishing.ga/index.html,1
https://www.digitalocean.com/pricing?id=2858,0
https://apple.id-secure.ga/login,1
https://stackoverflow.com/questions/tagged/python/index.html,0
http://covid-relief-fund-apply.ml/login/index.html,1
https://www.google.com/search?q=python+tutorial/index.html,0
http://twitter-account-secure.tk/verify,1
https://www.haskell.org/documentation,0
https://www.netflix.com/browse?id=6700,0
https://www.google.com/search?q=python+tutorial,0
https://looker.com/platform/blocks/gallery,0
http://xn--paypa-lsa.com/verify?id=3362,1
https://elixir-lang.org/getting-started,0
http://chase.com-secure-login.ml/account?id=6759,1
http://g00gle-secure.com/verify,1
https://www.zendesk.com/pricing?id=2771,0
https://cmake.org/documentation,0
https://loggly.com/blog/python-logging-best-practices,0
http://wells.fargo.verify.account.secure.update.ga/index.html,1
https://www.etsy.com/listing/123456,0
https://golang.org/doc/tutorial?id=8749,0
http://faceb00k-login.ml/checkpoint,1
https://www.figma.com/pricing?id=6753,0
http://immediate-action-required-bank-update.ml/index.html,1
http://chase.com-secure-login.ml/account?id=9361,1
https://loggly.com/blog/python-logging-best-practices,0
https://atom.io/packages?id=2403,0
https://www.wikipedia.org/wiki/Machine_learning/index.html,0
https://www.mailchimp.com/pricing?id=5569,0
https://xn--amzon-bta.com/login,1
https://www.qt.io/product,0
http://xn--pple-43d.com/apple-verify?id=3924,1
https://rollbar.com/blog/python-error-handling?id=5295,0
http://bankofamerica.com-verify.ga/signin/index.html,1
http://login-secure@bank-phishing.com/verify/index.html,1
https://newrelic.com/platform?id=2479,0
https://www.djangoproject.com/start?id=5658,0
https://192.168.1.1/login/bank/verify.php,1
https://www.terraform.io/docs,0
https://www.stripe.com/pricing/index.html,0
https://www.reddit.com/r/programming/index.html,0
https://code.visualstudio.com/docs?id=6967,0
http://medical-insurance-update.tk/verify?id=8916,1
https://www.ibm.com/cloud/watson/index.html,0
https://barclays-secure-login.ga/verify,1
https://www.hubspot.com/pricing?id=1634,0
https://www.bbc.com/news/technology,0
http://amazon.account-verify.tk/signin?id=2421,1
http://your.paypal.account.has.been.limited.verify.tk?id=9239,1
https://prometheus.io/docs/introduction,0
https://www.boost.org/doc?id=9645,0
http://inst4gram-verify.com/login?id=3616,1
https://expressjs.com/en/guide,0
https://looker.com/platform/blocks/gallery,0
https://www.php.net/manual/en?id=5011,0
https://hsbc-online-banking.tk/login/secure,1
https://www.microsoft.com/en-us/windows/index.html,0
http://paypa1.com/login/verify-account.php/index.html,1
http://verify-your-bankaccount.tk/secure?id=2816,1
http://twitter-account-secure.tk/verify,1
https://basecamp.com/pricing,0
https://console.aws.amazon.com/ec2,0
https://looker.com/platform/blocks/gallery?id=8956,0
http://confirm-your-identity-amazon.ml/login?id=7809,1
https://www.bitbucket.org/product,0
http://free-bitcoin-claim.tk/login?id=6085,1
http://wellsfargo.com-verify.tk/login?id=1911,1
http://chase-bank-verify.tk/account?id=5781,1
https://www.tableau.com/learn/training,0
https://golang.org/doc/tutorial/index.html,0
https://www.booking.com/hotel/us,0
http://paypal.com-account-verify.ml/signin/index.html,1
http://goo.gl/scam-verify/index.html,1
http://amaz0n-verify.com/signin,1
https://paypal.com-account-verify.ml/signin,1
https://www.elastic.co/guide/en/elasticsearch,0
http://amazon-login-verify@phishing.com/account/index.html,1
http://netflix-payment-update.ga/billing?id=9813,1
https://www.wikipedia.org/wiki/Machine_learning,0
https://www.gtk.org/docs,0
https://www.reddit.com/r/programming/index.html,0
http://wh4tsapp-verify.com/account/index.html,1
http://netfl1x-billing.com/payment/index.html,1
https://www.jetbrains.com/pycharm,0
https://docs.python.org/3/library/os.html,0
http://192.168.1.1/login/bank/verify.php?id=7397,1
https://www.sendgrid.com/pricing,0
https://www.shopify.com/pricing?id=1711,0
http://paypal-account-suspended.ml/verify,1
http://apple.id.verify.secure.login.update.ml/account/index.html,1
https://kotlinlang.org/docs/home/index.html,0
https://monday.com/pricing,0
https://www.salesforce.com/crm,0
http://short.link/bank-verify/index.html,1
https://www.etsy.com/listing/123456,0
http://google-account-alert.gq/security?id=1496,1
https://www.datadoghq.com/product,0
http://microsoft.com-account-secure.tk/login/index.html,1
http://short.link/bank-verify?id=7135,1
http://google.security-verify.ml/account,1
http://bankofamerica-secure.ml/login,1
http://google-security-alert.ga/verify,1
https://www.ibm.com/cloud/watson,0
http://job-offer-verify.ml/login,1
http://tinyurl.com/fake-bank-login/index.html,1
https://vuejs.org/guide/introduction,0
https://www.coursera.org/learn/machine-learning/index.html,0
https://online.wellsfargo.secure-login.tk,1
https://xn--paypa-lsa.com/verify,1
http://10.0.0.1/paypal/signin/secure.html,1
https://www.sumologic.com/application/python,0
https://www.mysql.com/products?id=7807,0
https://www.qt.io/product,0
http://tinyurl.com/fake-bank-login?id=7213,1
http://paypa1-secure.com/account/login/index.html,1
https://logz.io/blog/python-logging,0
http://netflix-payment-update.ga/billing?id=2641,1
https://ebay-account-verify.tk/signin,1
https://www.elastic.co/guide/en/elasticsearch?id=7930,0
https://www.ansible.com/products/index.html,0
http://secure-banking-login.tk/update?id=8242,1
http://apple-id-support.cf/account/login?id=6655,1
https://www.rust-lang.org/learn,0
http://google.security.alert.verify.account.tk/signin/index.html,1
https://sentry.io/for/python/index.html,0
http://irs-tax-refund-update.tk/claim?id=2761,1
http://google.security.alert.verify.account.tk/signin/index.html,1
http://bankofamerica.com-verify.ga/signin,1
https://www.facebook.com/groups?id=3615,0
https://www.shopify.com/pricing?id=9889,0
https://micosoft-login.com/account,1
https://www.slack.com/intl/en-us/pricing/index.html,0
https://cloud.google.com/compute,0
https://console.aws.amazon.com/ec2,0
https://www.terraform.io/docs,0
https://cmake.org/documentation,0
https://www.coursera.org/learn/machine-learning,0
http://login-secure@bank-phishing.com/verify/index.html,1
https://www.mailchimp.com/pricing/index.html,0
https://secure-login-bank-verify-account-update.ml,1
https://portal.azure.com/#home,0
http://ow.ly/phishing-verify,1
http://signin.chase.bank-verify.ml/index.html,1
https://xn--paypa-lsa.com/verify,1
https://chase-bank-verify.tk/account,1
http://verify-your-bankaccount.tk/secure/index.html,1
http://signin-check@google-phishing.ga/account,1
http://your.paypal.account.has.been.limited.verify.tk,1
https://www.wikipedia.org/wiki/Machine_learning,0
https://expressjs.com/en/guide/index.html,0
https://www.coursera.org/learn/machine-learning?id=2519,0
http://goo.gl/scam-verify/index.html,1
https://cmake.org/documentation,0
https://twitter-account-secure.tk/verify,1
https://bankofamerica-secure.ml/login,1
http://goo.gl/scam-verify?id=7095,1
https://clojure.org/guides/getting_started?id=9486,0
https://teams.microsoft.com/l/channel/index.html,0
https://www.r-project.org/manuals?id=4116,0
https://docs.python.org/3/library/os.html?id=1992,0
https://www.spotify.com/us/premium,0
https://www.spss.com/software/statistics,0
http://login-secure-bank.ga/verify/now,1
http://wh4tsapp-verify.com/account?id=3293,1
https://wellsfargo.com-verify.tk/login,1
http://wellsfargo-login-secure.gq/signin/index.html,1
http://bit.ly/3xPhishingLink,1
https://www.php.net/manual/en,0
https://teams.microsoft.com/l/channel?id=7246,0
http://password-expired-microsoft.ga/reset/index.html,1
https://kotlinlang.org/docs/home?id=7291,0
https://reactjs.org/docs/getting-started/index.html,0
http://bc.vc/verify-account?id=3793,1
http://account.secure-verify.login.bank.update.ml/signin/index.html,1
https://www.typescriptlang.org/docs?id=6804,0
https://xn--amzon-bta.com/login,1
https://www.sublimetext.com/3,0
http://login.microsoft.account-verify.tk/index.html,1
https://www.mongodb.com/cloud/atlas,0
https://login-secure@bank-phishing.com/verify,1
https://flask.palletsprojects.com/en/2.0.x,0
https://www.canva.com/pricing/index.html,0
http://x.co/scam-update?id=4048,1
https://www.paypal.com/us/home/index.html,0
https://www.wxwidgets.org/downloads?id=6107,0
https://citibank.secure.login.verify.account.ml,1
https://www.gtk.org/docs/index.html,0
https://www.sublimetext.com/3,0
http://apple.id.verify.secure.login.update.ml/account/index.html,1
https://www.jira.com/software/pricing,0
https://www.dropbox.com/plans,0
https://metabase.com/docs/latest/index.html,0
https://datastudio.google.com/gallery/index.html,0
http://apple-id-support.cf/account/login?id=4070,1
https://www.figma.com/pricing?id=4522,0
https://newrelic.com/platform,0
https://google.security-verify.ml/account,1
https://bc.vc/verify-account,1
http://facebook.login-verify.ga/checkpoint?id=3868,1
https://www.netflix.com/browse?id=7078,0
https://secure-login.bankofamerica.phishing.com,1
http://signin.chase.bank-verify.ml,1
http://secure.bankofamerica.login.ga,1
http://192.168.1.1/login/bank/verify.php?id=6658,1
https://www.google.com/search?q=python+tutorial?id=2343,0
https://www.datadoghq.com/product,0
https://www.haskell.org/documentation,0
http://credit-card-declined-amazon.ml/update,1
http://medical-insurance-update.tk/verify,1
https://www.grammarly.com/plans?id=3591,0
http://google-security-alert.ga/verify,1
http://online.wellsfargo.secure-login.tk/index.html,1
http://google.security-verify.ml/account?id=3303,1
https://student-loan-forgiveness.tk/apply,1
http://t.co/phishing-update?id=1436,1
https://signin-check@google-phishing.ga/account,1
https://www.tableau.com/learn/training,0
https://amazon.account-verify.tk/signin,1
https://newrelic.com/platform,0
https://www.udemy.com/course/python-bootcamp,0
http://government-grant-verify.ga/apply,1
https://www.zendesk.com/pricing?id=3266,0
https://elixir-lang.org/getting-started?id=4697,0
http://apple.com-id-verify.ga/signin/index.html,1
https://atom.io/packages,0
https://www.stata.com/manuals,0
https://www.youtube.com/watch?v=dQw4w9WgXcQ,0
http://google-account-alert.gq/security?id=1693,1
http://job-offer-verify.ml/login?id=9609,1
https://www.zoom.us/pricing/index.html,0
https://www.facebook.com/groups,0
https://1inkedin-secure.com/signin,1
https://gitlab.com/pricing?id=6188,0
https://microsoft.account-secure.tk/login,1
https://appleid.apple.secure-verify.ml,1
http://your-account-at-risk-google.tk/verify,1
http://urgent-account-verification-required-now.tk?id=3712,1
https://www.zoom.us/pricing,0
https://www.rust-lang.org/learn/index.html,0
http://faceb00k-verify.com/checkpoint/index.html,1
https://monday.com/pricing?id=9041,0
https://www.airbnb.com/rooms/12345?id=5325,0
https://papertrailapp.com/manual,0
https://secure-apple-id.cf/verify/account,1
https://www.vim.org/download.php,0
http://account-update@amazon-phishing.ml/signin?id=6070,1
https://microsoft.com-account-secure.tk/login,1
https://www.sendgrid.com/pricing?id=2040,0
http://paypal-account-suspended.ml/verify?id=3449,1
http://xn--amzon-bta.com/login?id=5264,1
https://www.mathworks.com/help/matlab,0
http://wells.fargo.verify.account.secure.update.ga?id=3527,1
https://www.udemy.com/course/python-bootcamp,0
https://developer.apple.com/swift,0
http://irs-tax-refund-update.tk/claim,1
https://www.adobe.com/products/photoshop?id=9167,0
http://citibank.secure.login.verify.account.ml/index.html,1
https://apple-id-support.cf/account/login,1
https://www.sublimetext.com/3?id=6764,0
https://www.dropbox.com/plans,0
https://mcaf.ee/phishing-link,1
https://www.nginx.com/resources,0
http://amazon-verify-account.ml/signin?id=3114,1
https://www.amazon.com/dp/B08N5WRWNW,0
https://microsoft-account-verify.gq/signin,1
http://confirm-your-identity-amazon.ml/login?id=2922,1
https://www.cloudflare.com/plans,0
http://bankofamerica.login.secure.verify.update.ml?id=6067,1
https://www.postgresql.org/docs/index.html,0
http://inst4gram-verify.com/login?id=9897,1
http://your-account-at-risk-google.tk/verify,1
http://accounts.google.phishing.ga?id=8761,1
https://www.terraform.io/docs,0
https://www.twilio.com/pricing/index.html,0
https://www.appdynamics.com/product?id=4388,0
https://signin-check@google-phishing.ga/account,1
http://paypa1-secure.com/account/login?id=5272,1
http://secure-login.bankofamerica.phishing.com?id=6892,1
http://secure.bankofamerica.login.ga,1
https://credit-card-declined-amazon.ml/update,1
https://superset.apache.org/docs/index.html,0
https://www.stripe.com/pricing/index.html,0
https://microsoft.account-secure.tk/login,1
https://apple.com-id-verify.ga/signin,1
http://10.0.0.1/paypal/signin/secure.html,1
https://www.nginx.com/resources?id=9728,0
http://suspicious-login-detected.ga/apple/index.html,1
http://faceb00k-verify.com/checkpoint/index.html,1
http://x.co/scam-update,1
http://free-bitcoin-claim.tk/login/index.html,1
https://gitlab.com/pricing?id=2527,0
http://signin-check@google-phishing.ga/account/index.html,1
https://account-suspended-paypal.ml/reactivate,1
http://short.link/bank-verify/index.html,1
https://docs.python.org/3/library/os.html,0
https://www.amazon.com/dp/B08N5WRWNW/index.html,0
https://www.vim.org/download.php,0
https://stackoverflow.com/questions/tagged/python,0
https://chase-bank-verify.tk/account,1
https://your-account-at-risk-google.tk/verify,1
https://www.bitbucket.org/product,0
https://www.splunk.com/en_us/training,0
http://secure-apple-id.cf/verify/account/index.html,1
http://chase.com-secure-login.ml/account?id=9341,1
http://faceb00k-login.ml/checkpoint/index.html,1
https://www.notion.so/pricing/index.html,0
https://www.twilio.com/pricing?id=4995,0
https://www.dynatrace.com/platform/index.html,0
https://clojure.org/guides/getting_started?id=2940,0
http://amazon.unusual.activity.detected.verify.ga/signin?id=7590,1
http://wh4tsapp-verify.com/account/index.html,1
http://secure-login.bankofamerica.phishing.com/index.html,1
http://chase.bank.account.verify.secure.login.tk?id=3526,1
https://www.nytimes.com/section/technology?id=4559,0
https://sentry.io/for/python/index.html,0
https://www.sap.com/products,0
https://www.erlang.org/doc/index.html,0
https://www.heroku.com/pricing,0
http://amazon-verify-account.ml/signin,1
https://www.sap.com/products,0
https://www.udemy.com/course/python-bootcamp/index.html,0
https://www.apple.com/iphone?id=7367,0
https://www.mailchimp.com/pricing,0
https://gitlab.com/pricing,0
https://cloud.google.com/compute/index.html,0
https://www.facebook.com/groups/index.html,0
https://faceb00k-verify.com/checkpoint,1
http://microsoft-account-verify.gq/signin,1
http://faceb00k-login.ml/checkpoint/index.html,1
https://free-bitcoin-claim.tk/login,1
https://www.stata.com/manuals,0
http://mcaf.ee/phishing-link/index.html,1
https://www.heroku.com/pricing,0
http://login-secure@bank-phishing.com/verify?id=1527,1
http://xn--pple-43d.com/apple-verify?id=9482,1
https://faceb00k-login.ml/checkpoint,1
https://www.r-project.org/manuals?id=3184,0
https://www.etsy.com/listing/123456/index.html,0
https://www.digitalocean.com/pricing?id=7149,0
http://microsoft.account.compromised.verify.ga/login,1
https://basecamp.com/pricing,0
https://citibank-account-alert.ml/verify,1
https://grafana.com/docs/grafana/latest,0
https://www.sas.com/en_us/learn?id=3607,0
https://www.kubernetes.io/docs/index.html,0
http://login.amazon.verify-account.tk/index.html,1
http://microsoft.account-secure.tk/login/index.html,1
http://suspicious-login-detected.ga/apple,1
https://logz.io/blog/python-logging?id=9199,0
https://kotlinlang.org/docs/home?id=4263,0
http://paypal.com-account-verify.ml/signin?id=7329,1
http://confirm-your-identity-amazon.ml/login/index.html,1
http://xn--googl-fsa.com/security,1
https://www.mongodb.com/cloud/atlas?id=3677,0
http://tinyurl.com/fake-bank-login?id=2130,1
http://update-your-paypal.ml/login,1
https://www.sublimetext.com/3/index.html,0
http://amazon.com-update-account.tk/login?id=9719,1
http://login.amazon.verify-account.tk/index.html,1
http://google-account-alert.gq/security/index.html,1
https://loggly.com/blog/python-logging-best-practices,0
http://immediate-action-required-bank-update.ml?id=6325,1
http://micosoft-login.com/account/index.html,1
http://urgent-bank-update-required.tk/verify/index.html,1
http://micosoft-login.com/account?id=4768,1
http://xn--paypa-lsa.com/verify/index.html,1
https://www.wxwidgets.org/downloads,0
https://www.mysql.com/products,0
http://t.co/phishing-update/index.html,1
http://g00gle-secure.com/verify,1
https://www.docker.com/products,0
http://hsbc.bank.login.secure.verify.update.tk?id=2215,1
http://microsoft.account.compromised.verify.ga/login,1
http://online.wellsfargo.secure-login.tk,1
http://government-grant-verify.ga/apply?id=6992,1
http://secure.bankofamerica.login.ga?id=3662,1
https://urgent-account-verification-required-now.tk,1
http://micosoft-login.com/account?id=7703,1
https://www.etsy.com/listing/123456,0
http://tw1tter-secure.com/verify,1
http://login.amazon.verify-account.tk,1
https://www.wikipedia.org/wiki/Machine_learning,0
https://superset.apache.org/docs,0
https://julialang.org/learning/index.html,0
https://lottery-result-update.ga/verify,1
http://credit-card-declined-amazon.ml/update/index.html,1
https://www.sas.com/en_us/learn?id=2235,0
https://www.ibm.com/cloud/watson?id=5891,0
https://console.aws.amazon.com/ec2/index.html,0
http://your-account-at-risk-google.tk/verify?id=2887,1
https://nuxtjs.org/docs/index.html,0
http://ebay-account-verify.tk/signin,1
http://account-update@amazon-phishing.ml/signin/index.html,1
http://login.microsoft.account-verify.tk/index.html,1
https://www.appdynamics.com/product?id=1821,0
https://teams.microsoft.com/l/channel,0
https://www.ebay.com/itm/123456789?id=2512,0
https://www.ebay.com/itm/123456789,0
http://secure-login.bankofamerica.phishing.com/index.html,1
https://nextjs.org/docs?id=4501,0
http://secure-login-bank-verify-account-update.ml/index.html,1
https://inheritance-claim-verify.ga/form,1
http://lottery-result-update.ga/verify,1
https://powerbi.microsoft.com/en-us/learning?id=9540,0
https://www.netflix.com/browse?id=4257,0
https://www.postgresql.org/docs,0
https://www.docker.com/products/index.html,0
https://www.qt.io/product/index.html,0
http://prize-winner-verify.ml/claim,1
https://www.amazon.com/dp/B08N5WRWNW,0
https://www.slack.com/intl/en-us/pricing?id=1470,0
http://signin.chase.bank-verify.ml/index.html,1
http://apple-id-support.cf/account/login/index.html,1
http://inheritance-claim-verify.ga/form/index.html,1
https://code.visualstudio.com/docs,0
http://account-suspended-paypal.ml/reactivate/index.html,1
http://account.secure-verify.login.bank.update.ml/signin?id=8381,1
https://account-update@amazon-phishing.ml/signin,1
http://your.paypal.account.has.been.limited.verify.tk/index.html,1
https://www.twitter.com/home?id=5262,0
https://chase-bank-verify.tk/account,1
https://www.sap.com/products?id=8616,0
http://student-loan-forgiveness.tk/apply,1
https://www.docker.com/products,0
https://www.booking.com/hotel/us,0
http://citibank-account-alert.ml/verify?id=7666,1
https://www.scala-lang.org/documentation/index.html,0
http://google-account-alert.gq/security,1
http://covid-relief-fund-apply.ml/login?id=7813,1
http://wellsfargo.com-verify.tk/login/index.html,1
https://paypa1-secure.com/account/login,1
http://paypal.secure-verify.ml/login?id=5775,1
http://verify-secure@paypal-phishing.tk/login/index.html,1
https://www.zendesk.com/pricing?id=2768,0
https://facebook.login-verify.ga/checkpoint,1
http://amazon-verify-account.ml/signin/index.html,1
http://bankofamerica.login.secure.verify.update.ml?id=2996,1
https://metabase.com/docs/latest/index.html,0
http://wells.fargo.verify.account.secure.update.ga,1
http://hsbc.bank.login.secure.verify.update.tk,1
http://apple.id-secure.ga/login/index.html,1
https://www.adobe.com/products/photoshop,0
https://www.salesforce.com/crm/index.html,0
http://google-account-alert.gq/security/index.html,1
http://credit-card-declined-amazon.ml/update?id=3662,1
https://www.typescriptlang.org/docs,0
https://www.booking.com/hotel/us?id=5719,0
http://citibank.secure.login.verify.account.ml/index.html,1
http://verify-your-bankaccount.tk/secure/index.html,1
http://t.co/phishing-update?id=2354,1
http://medical-insurance-update.tk/verify?id=2013,1
https://flask.palletsprojects.com/en/2.0.x/index.html,0
https://www.asana.com/pricing?id=2776,0
http://netflix-payment-update.ga/billing,1
https://docs.python.org/3/library/os.html,0
https://paypa1-secure.com/account/login,1
http://1inkedin-secure.com/signin/index.html,1
https://www.gnu.org/software/emacs/index.html,0
http://amazon.com-update-account.tk/login,1
https://www.paypal.com/us/home,0
https://console.aws.amazon.com/ec2,0
http://faceb00k-verify.com/checkpoint?id=5026,1
https://www.spotify.com/us/premium,0
https://logz.io/blog/python-logging,0
https://www.gtk.org/docs,0
https://hsbc-online-banking.tk/login/secure,1
https://sentry.io/for/python,0
http://verify.secure.login.bank.update.check.ml,1
https://www.microsoft.com/en-us/windows?id=8141,0
http://123.456.789.0/banking/login.asp,1
https://www.typescriptlang.org/docs,0
https://amaz0n-verify.com/signin,1
https://www.amazon.com/dp/B08N5WRWNW,0
https://grafana.com/docs/grafana/latest/index.html,0
http://verify-secure@paypal-phishing.tk/login/index.html,1
http://secure-apple-id.cf/verify/account?id=3868,1
http://paypal.secure-verify.ml/login,1
https://www.confluence.atlassian.com,0
http://google.com-security-alert.ml/verify?id=8172,1
http://amaz0n-verify.com/signin?id=4434,1
https://gitlab.com/pricing/index.html,0
http://1inkedin-secure.com/signin/index.html,1
https://citibank.secure.login.verify.account.ml,1
http://facebook.login-verify.ga/checkpoint/index.html,1
http://urgent-bank-update-required.tk/verify,1
https://123.456.789.0/banking/login.asp,1
https://ebay-account-verify.tk/signin,1
http://apple.com-id-verify.ga/signin,1
http://mcaf.ee/phishing-link,1
http://tw1tter-secure.com/verify,1
https://goo.gl/scam-verify,1
https://www.zoom.us/pricing/index.html,0
https://short.link/bank-verify,1
https://www.boost.org/doc,0
https://www.salesforce.com/crm,0
https://paypal-account-suspended.ml/verify,1
https://www.docker.com/products?id=3076,0
http://google.security-verify.ml/account/index.html,1
http://bankofamerica.com-verify.ga/signin?id=1280,1
https://powerbi.microsoft.com/en-us/learning/index.html,0
https://www.haskell.org/documentation,0
https://xn--googl-fsa.com/security,1
https://basecamp.com/pricing,0
http://10.0.0.1/paypal/signin/secure.html?id=1713,1
https://amaz0n-verify.com/signin,1
http://login.amazon.verify-account.tk/index.html,1
http://microsoft.account.compromised.verify.ga/login/index.html,1
https://svelte.dev/tutorial?id=8238,0
https://www.bbc.com/news/technology,0
https://bc.vc/verify-account,1
https://1inkedin-secure.com/signin,1
https://www.dropbox.com/plans,0
https://government-grant-verify.ga/apply,1
https://government-grant-verify.ga/apply,1
http://verify.secure.login.bank.update.check.ml,1
http://g00gle-secure.com/verify?id=9095,1
http://citibank-account-alert.ml/verify/index.html,1
https://urgent-bank-update-required.tk/verify,1
https://barclays-secure-login.ga/verify,1
https://bc.vc/verify-account,1
https://www.erlang.org/doc,0
http://immediate-action-required-bank-update.ml?id=3828,1
https://www.stripe.com/pricing?id=1224,0
https://papertrailapp.com/manual/index.html,0
https://urgent-bank-update-required.tk/verify,1
http://citibank-account-alert.ml/verify?id=7761,1
http://chase.bank.account.verify.secure.login.tk/index.html,1
http://secure.paypal.phishing.ml/signin/index.html,1
https://www.qt.io/product?id=7888,0
https://www.netflix.com/browse,0
https://twitter-account-secure.tk/verify,1
https://portal.azure.com/#home?id=9179,0
https://mcaf.ee/phishing-link,1
https://www.spss.com/software/statistics/index.html,0
https://www.google.com/search?q=python+tutorial,0
https://www.docker.com/products,0
https://portal.azure.com/#home/index.html,0
https://www.nytimes.com/section/technology,0
https://www.php.net/manual/en?id=7163,0
http://g00gle-secure.com/verify/index.html,1
http://inst4gram-verify.com/login/index.html,1
https://www.udemy.com/course/python-bootcamp/index.html,0
https://www.bitbucket.org/product?id=6310,0
https://www.bbc.com/news/technology,0
http://update-your-paypal.ml/login,1
https://www.elastic.co/guide/en/elasticsearch,0
https://www.amazon.com/dp/B08N5WRWNW,0
https://monday.com/pricing/index.html,0
http://lottery-result-update.ga/verify/index.html,1
https://golang.org/doc/tutorial,0
https://t.co/phishing-update,1
http://123.456.789.0/banking/login.asp/index.html,1
http://student-loan-forgiveness.tk/apply,1
https://flask.palletsprojects.com/en/2.0.x,0
https://netflix-payment-update.ga/billing,1
https://www.ibm.com/cloud/watson/index.html,0
http://bc.vc/verify-account,1
https://reactjs.org/docs/getting-started?id=5000,0
https://google.security.alert.verify.account.tk/signin,1
https://docs.python.org/3/library/os.html,0
http://apple.com-id-verify.ga/signin/index.html,1
https://www.wxwidgets.org/downloads/index.html,0
https://www.nginx.com/resources/index.html,0
http://secure-apple-id.cf/verify/account,1
https://www.airbnb.com/rooms/12345,0
https://amazon.unusual.activity.detected.verify.ga/signin,1
http://x.co/scam-update,1
https://monday.com/pricing/index.html,0
http://xn--amzon-bta.com/login,1
https://your-account-has-been-compromised-verify.ga,1
http://paypal.com-account-verify.ml/signin,1
https://angular.io/docs?id=6279,0
https://www.mysql.com/products/index.html,0
http://microsoft.com-account-secure.tk/login?id=8305,1
https://www.youtube.com/watch?v=dQw4w9WgXcQ,0
http://password-expired-microsoft.ga/reset/index.html,1
https://kotlinlang.org/docs/home,0
http://online.wellsfargo.secure-login.tk?id=9311,1
https://www.asana.com/pricing?id=6120,0
http://bankofamerica.com-verify.ga/signin?id=3730,1
https://www.splunk.com/en_us/training?id=2052,0
https://www.nytimes.com/section/technology,0
https://www.confluence.atlassian.com,0
http://paypa1.com/login/verify-account.php?id=7947,1
https://www.linkedin.com/in/johndoe/index.html,0
https://portal.azure.com/#home,0
http://secure-apple-id.cf/verify/account?id=4453,1
https://www.salesforce.com/crm,0
http://netfl1x-billing.com/payment?id=8682,1
http://hsbc.bank.login.secure.verify.update.tk,1
http://bankofamerica-secure.ml/login/index.html,1
https://www.trello.com/pricing?id=8430,0
http://paypal-account-suspended.ml/verify/index.html,1
http://xn--pple-43d.com/apple-verify,1
http://your-account-at-risk-google.tk/verify/index.html,1
https://www.confluence.atlassian.com,0
http://g00gle-secure.com/verify/index.html,1
http://signin-check@google-phishing.ga/account?id=8218,1
https://www.microsoft.com/en-us/windows,0
https://microsoft.account-secure.tk/login,1
https://clojure.org/guides/getting_started/index.html,0
http://paypal.secure-verify.ml/login,1
https://apple.id-secure.ga/login,1
https://www.google.com/search?q=python+tutorial?id=5471,0
https://www.adobe.com/products/photoshop/index.html,0
https://nextjs.org/docs,0
https://www.booking.com/hotel/us,0
http://login-secure-bank.ga/verify/now,1
https://www.apple.com/iphone?id=2494,0
http://confirm-your-personal-information-now.tk/index.html,1
https://kotlinlang.org/docs/home?id=2070,0
http://inheritance-claim-verify.ga/form?id=2353,1
https://www.youtube.com/watch?v=dQw4w9WgXcQ?id=5351,0
http://wh4tsapp-verify.com/account,1
https://goo.gl/scam-verify,1
https://rubyonrails.org/doctrine?id=5562,0
https://vuejs.org/guide/introduction,0
https://www.php.net/manual/en/index.html,0
https://rollbar.com/blog/python-error-handling,0
http://paypa1.com/login/verify-account.php,1
http://prize-winner-verify.ml/claim,1
http://xn--pple-43d.com/apple-verify,1
http://microsoft.account-secure.tk/login?id=5754,1
http://adf.ly/login-secure,1
